"Label","ProcessId","ElapsedSeconds","CPUSeconds","WorkingSetMiB","PrivateMiB","Handles"
"legacy","35656","0.0015179","1.25","62.89453125","48.79296875","553"
"prototype","33416","0.0015179","1.3125","44.09765625","27.67578125","250"
"legacy","35656","2.0337809","1.25","62.8984375","48.79296875","553"
"prototype","33416","2.0337809","1.3125","44.09765625","27.67578125","250"
"legacy","35656","4.0548882","1.265625","62.8984375","48.79296875","553"
"prototype","33416","4.0548882","1.3125","44.09765625","27.67578125","250"
"legacy","35656","6.0668129","1.28125","62.8984375","48.79296875","553"
"prototype","33416","6.0668129","1.328125","44.09765625","27.67578125","250"
"legacy","35656","8.0906718","1.296875","62.8359375","48.67578125","547"
"prototype","33416","8.0906718","1.34375","44.09765625","27.67578125","250"
"legacy","35656","10.1115766","1.296875","62.8359375","48.67578125","547"
"prototype","33416","10.1115766","1.34375","44.09765625","27.67578125","250"
"legacy","35656","12.1281217","1.296875","62.8359375","48.67578125","547"
"prototype","33416","12.1281217","1.34375","44.09765625","27.67578125","250"
"legacy","35656","14.1460634","1.3125","62.8359375","48.67578125","547"
"prototype","33416","14.1460634","1.34375","44.09765625","27.67578125","250"
"legacy","35656","16.1593039","1.328125","62.8359375","48.67578125","547"
"prototype","33416","16.1593039","1.34375","44.09765625","27.67578125","250"
"legacy","35656","18.1692283","1.359375","62.8359375","48.67578125","547"
"prototype","33416","18.1692283","1.34375","44.09765625","27.67578125","250"
"legacy","35656","20.1898021","1.359375","62.8359375","48.67578125","547"
"prototype","33416","20.1898021","1.359375","44.09765625","27.67578125","250"
"legacy","35656","22.2099412","1.359375","62.8359375","48.67578125","547"
"prototype","33416","22.2099412","1.359375","44.09765625","27.67578125","250"
"legacy","35656","24.2315074","1.359375","62.8359375","48.67578125","547"
"prototype","33416","24.2315074","1.359375","44.09765625","27.67578125","250"
"legacy","35656","26.2399216","1.359375","62.8359375","48.67578125","547"
"prototype","33416","26.2399216","1.359375","44.09765625","27.67578125","250"
"legacy","35656","28.2593024","1.375","62.8359375","48.67578125","547"
"prototype","33416","28.2593024","1.359375","44.09765625","27.67578125","250"
"legacy","35656","30.2745892","1.375","62.8359375","48.67578125","547"
"prototype","33416","30.2745892","1.359375","44.09765625","27.67578125","250"
"legacy","35656","32.2909517","1.375","62.8671875","48.734375","548"
"prototype","33416","32.2909517","1.359375","44.09765625","27.67578125","250"
"legacy","35656","34.3061746","1.375","62.8671875","48.734375","548"
"prototype","33416","34.3061746","1.359375","44.09765625","27.67578125","250"
"legacy","35656","36.3247239","1.390625","62.8671875","48.734375","548"
"prototype","33416","36.3247239","1.359375","44.09765625","27.67578125","250"
"legacy","35656","38.3474101","1.390625","62.8671875","48.734375","548"
"prototype","33416","38.3474101","1.359375","44.09765625","27.67578125","250"
"legacy","35656","40.3583185","1.40625","62.8671875","48.734375","548"
"prototype","33416","40.3583185","1.359375","44.09765625","27.67578125","250"
"legacy","35656","42.3716456","1.4375","62.8671875","48.734375","548"
"prototype","33416","42.3716456","1.359375","44.09765625","27.67578125","250"
"legacy","35656","44.3944947","1.453125","62.8671875","48.734375","548"
"prototype","33416","44.3944947","1.359375","44.09765625","27.67578125","250"
"legacy","35656","46.4060433","1.453125","62.8671875","48.734375","548"
"prototype","33416","46.4060433","1.359375","44.09765625","27.67578125","250"
"legacy","35656","48.418385","1.453125","62.8671875","48.734375","548"
"prototype","33416","48.418385","1.359375","44.09765625","27.67578125","250"
"legacy","35656","50.4339208","1.46875","62.8671875","48.734375","548"
"prototype","33416","50.4339208","1.359375","44.09765625","27.67578125","250"
"legacy","35656","52.4480519","1.484375","62.8671875","48.734375","548"
"prototype","33416","52.4480519","1.375","44.09765625","27.67578125","250"
"legacy","35656","54.4693134","1.5","62.8671875","48.734375","548"
"prototype","33416","54.4693134","1.375","44.09765625","27.67578125","250"
"legacy","35656","56.4868626","1.515625","62.8671875","48.734375","548"
"prototype","33416","56.4868626","1.375","44.09765625","27.67578125","250"
"legacy","35656","58.5086853","1.53125","62.8671875","48.734375","548"
"prototype","33416","58.5086853","1.375","44.09765625","27.67578125","250"
"legacy","35656","60.5282325","1.546875","62.8671875","48.734375","548"
"prototype","33416","60.5282325","1.375","44.09765625","27.67578125","250"
"legacy","35656","62.5366938","1.546875","62.8671875","48.734375","548"
"prototype","33416","62.5366938","1.375","44.09765625","27.67578125","250"
"legacy","35656","64.5564301","1.5625","62.8671875","48.734375","548"
"prototype","33416","64.5564301","1.375","44.09765625","27.67578125","250"
"legacy","35656","66.574913","1.5625","62.8671875","48.734375","548"
"prototype","33416","66.574913","1.375","44.09765625","27.67578125","250"
"legacy","35656","68.5856812","1.5625","62.8671875","48.734375","548"
"prototype","33416","68.5856812","1.375","44.09765625","27.67578125","250"
"legacy","35656","70.5979554","1.5625","62.8671875","48.734375","548"
"prototype","33416","70.5979554","1.375","44.09765625","27.67578125","250"
"legacy","35656","72.609891","1.5625","62.8671875","48.734375","548"
"prototype","33416","72.609891","1.390625","44.09765625","27.67578125","250"
"legacy","35656","74.6269483","1.5625","62.8671875","48.734375","548"
"prototype","33416","74.6269483","1.390625","44.09765625","27.67578125","250"
"legacy","35656","76.6350168","1.5625","62.8671875","48.734375","548"
"prototype","33416","76.6350168","1.390625","44.09765625","27.67578125","250"
"legacy","35656","78.6558363","1.59375","62.8671875","48.734375","548"
"prototype","33416","78.6558363","1.390625","44.09765625","27.67578125","250"
"legacy","35656","80.6691486","1.59375","62.8671875","48.734375","548"
"prototype","33416","80.6691486","1.390625","44.09765625","27.67578125","250"
"legacy","35656","82.6889721","1.59375","62.8671875","48.734375","548"
"prototype","33416","82.6889721","1.390625","44.09765625","27.67578125","250"
"legacy","35656","84.7108017","1.609375","62.8671875","48.734375","548"
"prototype","33416","84.7108017","1.390625","44.09765625","27.67578125","250"
"legacy","35656","86.7315415","1.609375","62.8671875","48.734375","548"
"prototype","33416","86.7315415","1.390625","44.09765625","27.67578125","250"
"legacy","35656","88.7514491","1.609375","62.8671875","48.734375","548"
"prototype","33416","88.7514491","1.390625","44.09765625","27.67578125","250"
"legacy","35656","90.7589039","1.609375","62.8671875","48.734375","548"
"prototype","33416","90.7589039","1.390625","44.09765625","27.67578125","250"
"legacy","35656","92.7705575","1.609375","62.8671875","48.734375","548"
"prototype","33416","92.7705575","1.390625","44.09765625","27.67578125","250"
"legacy","35656","94.7789648","1.609375","62.8671875","48.734375","548"
"prototype","33416","94.7789648","1.390625","44.09765625","27.67578125","250"
"legacy","35656","96.7859362","1.609375","62.8671875","48.734375","548"
"prototype","33416","96.7859362","1.390625","44.09765625","27.67578125","250"
"legacy","35656","98.7913295","1.609375","62.8671875","48.734375","548"
"prototype","33416","98.7913295","1.390625","44.09765625","27.67578125","250"
"legacy","35656","100.797271","1.625","62.87109375","48.734375","548"
"prototype","33416","100.797271","1.40625","44.09765625","27.67578125","250"
"legacy","35656","102.8084853","1.640625","62.87109375","48.734375","548"
"prototype","33416","102.8084853","1.40625","44.09765625","27.67578125","250"
"legacy","35656","104.8230066","1.65625","62.87109375","48.734375","548"
"prototype","33416","104.8230066","1.40625","44.09765625","27.67578125","250"
"legacy","35656","106.844147","1.65625","62.87109375","48.734375","548"
"prototype","33416","106.844147","1.40625","44.09765625","27.67578125","250"
"legacy","35656","108.8619363","1.65625","62.87109375","48.734375","548"
"prototype","33416","108.8619363","1.40625","44.09765625","27.67578125","250"
"legacy","35656","110.8833558","1.65625","62.87109375","48.734375","548"
"prototype","33416","110.8833558","1.40625","44.09765625","27.67578125","250"
"legacy","35656","112.9052507","1.671875","62.87109375","48.734375","548"
"prototype","33416","112.9052507","1.40625","44.09765625","27.67578125","250"
"legacy","35656","114.9281599","1.671875","62.87109375","48.734375","548"
"prototype","33416","114.9281599","1.40625","44.15234375","27.76171875","250"
"legacy","35656","116.9454027","1.703125","62.87109375","48.734375","548"
"prototype","33416","116.9454027","1.40625","44.15234375","27.76171875","250"
"legacy","35656","118.9638104","1.703125","62.87109375","48.734375","548"
"prototype","33416","118.9638104","1.40625","44.15234375","27.76171875","250"
"legacy","35656","120.9800162","1.71875","62.87109375","48.734375","548"
"prototype","33416","120.9800162","1.40625","44.15234375","27.76171875","250"
